Datetime,Water Level (m)
2026-07-14 18:00:00,0.60019195
2026-07-14 19:00:00,0.10011541
2026-07-14 20:00:00,-0.3232156
2026-07-14 21:00:00,-0.60986596
2026-07-14 22:00:00,-0.65476626
2026-07-14 23:00:00,-0.37802035
2026-07-15 00:00:00,0.05482711
2026-07-15 01:00:00,0.6060278
2026-07-15 02:00:00,1.0960311
2026-07-15 03:00:00,1.507405
2026-07-15 04:00:00,1.7700949
2026-07-15 05:00:00,1.724422
2026-07-15 06:00:00,1.2974279
2026-07-15 07:00:00,0.6704654
2026-07-15 08:00:00,0.122584246
2026-07-15 09:00:00,-0.29433426
2026-07-15 10:00:00,-0.53459233
2026-07-15 11:00:00,-0.5282485
2026-07-15 12:00:00,-0.23879144
2026-07-15 13:00:00,0.18398438
2026-07-15 14:00:00,0.6467759
2026-07-15 15:00:00,1.023197
2026-07-15 16:00:00,1.2915626
2026-07-15 17:00:00,1.3665978
2026-07-15 18:00:00,1.0993545
2026-07-15 19:00:00,0.55680263
2026-07-15 20:00:00,0.01838668
2026-07-15 21:00:00,-0.37896964
2026-07-15 22:00:00,-0.6096689
2026-07-15 23:00:00,-0.5751194
2026-07-16 00:00:00,-0.27649593
2026-07-16 01:00:00,0.20021312
2026-07-16 02:00:00,0.75842243
2026-07-16 03:00:00,1.242576
2026-07-16 04:00:00,1.6393365
2026-07-16 05:00:00,1.8587799
2026-07-16 06:00:00,1.6919895
2026-07-16 07:00:00,1.130207
2026-07-16 08:00:00,0.4892886
2026-07-16 09:00:00,-0.029646382
2026-07-16 10:00:00,-0.39809647
2026-07-16 11:00:00,-0.58846885
2026-07-16 12:00:00,-0.47113234
2026-07-16 13:00:00,-0.14787379
2026-07-16 14:00:00,0.30836812
2026-07-16 15:00:00,0.75517297
2026-07-16 16:00:00,1.0994217
2026-07-16 17:00:00,1.3304056
2026-07-16 18:00:00,1.3162094
2026-07-16 19:00:00,0.9543467
2026-07-16 20:00:00,0.40397018
2026-07-16 21:00:00,-0.09082553
2026-07-16 22:00:00,-0.4327953
2026-07-16 23:00:00,-0.61140585
2026-07-17 00:00:00,-0.49783075
2026-07-17 01:00:00,-0.14943212
2026-07-17 02:00:00,0.34821394
2026-07-17 03:00:00,0.8651293
2026-07-17 04:00:00,1.2866894
2026-07-17 05:00:00,1.614785
2026-07-17 06:00:00,1.7032738
2026-07-17 07:00:00,1.4193609
2026-07-17 08:00:00,0.84431833
2026-07-17 09:00:00,0.26928008
2026-07-17 10:00:00,-0.1888869
2026-07-17 11:00:00,-0.5022069
2026-07-17 12:00:00,-0.6024464
2026-07-17 13:00:00,-0.3882891
2026-07-17 14:00:00,-0.017531758
2026-07-17 15:00:00,0.44729406
2026-07-17 16:00:00,0.86548233
2026-07-17 17:00:00,1.1755236
2026-07-17 18:00:00,1.3440487
2026-07-17 19:00:00,1.231976
2026-07-17 20:00:00,0.80869216
2026-07-17 21:00:00,0.29642144
2026-07-17 22:00:00,-0.13228597
2026-07-17 23:00:00,-0.41969162
2026-07-18 00:00:00,-0.5228354
2026-07-18 01:00:00,-0.3401328
2026-07-18 02:00:00,0.014556549
2026-07-18 03:00:00,0.49950376
2026-07-18 04:00:00,0.958266
2026-07-18 05:00:00,1.3275629
2026-07-18 06:00:00,1.5722004
2026-07-18 07:00:00,1.5323973
2026-07-18 08:00:00,1.1447448
2026-07-18 09:00:00,0.5859844
2026-07-18 10:00:00,0.08587321
2026-07-18 11:00:00,-0.28734827
2026-07-18 12:00:00,-0.5048016
2026-07-18 13:00:00,-0.49328333
2026-07-18 14:00:00,-0.2469449
2026-07-18 15:00:00,0.13945268
2026-07-18 16:00:00,0.5738935
2026-07-18 17:00:00,0.93025553
2026-07-18 18:00:00,1.2013984
2026-07-18 19:00:00,1.2879913
2026-07-18 20:00:00,1.0916369
2026-07-18 21:00:00,0.6566246
2026-07-18 22:00:00,0.20552918
2026-07-18 23:00:00,-0.14866264
2026-07-19 00:00:00,-0.36662897
2026-07-19 01:00:00,-0.37779698
2026-07-19 02:00:00,-0.1604036
2026-07-19 03:00:00,0.2106853
2026-07-19 04:00:00,0.64620733
2026-07-19 05:00:00,1.0316787
2026-07-19 06:00:00,1.3224893
2026-07-19 07:00:00,1.4553362
2026-07-19 08:00:00,1.295519
2026-07-19 09:00:00,0.8668291
2026-07-19 10:00:00,0.385134
2026-07-19 11:00:00,-0.019305289
2026-07-19 12:00:00,-0.3165426
2026-07-19 13:00:00,-0.45649415
2026-07-19 14:00:00,-0.34898657
2026-07-19 15:00:00,-0.08037054
2026-07-19 16:00:00,0.29912522
2026-07-19 17:00:00,0.6772787
2026-07-19 18:00:00,0.9832902
2026-07-19 19:00:00,1.177333
2026-07-19 20:00:00,1.1750351
2026-07-19 21:00:00,0.91773355
2026-07-19 22:00:00,0.5251121
2026-07-19 23:00:00,0.16364256
2026-07-20 00:00:00,-0.1157187
2026-07-20 01:00:00,-0.25280342
2026-07-20 02:00:00,-0.19234638
2026-07-20 03:00:00,0.032838926
2026-07-20 04:00:00,0.37260768
2026-07-20 05:00:00,0.73181367
2026-07-20 06:00:00,1.0358043
2026-07-20 07:00:00,1.241442
2026-07-20 08:00:00,1.2460227
2026-07-20 09:00:00,0.98871696
2026-07-20 10:00:00,0.58789015
2026-07-20 11:00:00,0.21348138
2026-07-20 12:00:00,-0.091016404
2026-07-20 13:00:00,-0.30120555
2026-07-20 14:00:00,-0.34728435
2026-07-20 15:00:00,-0.20624901
2026-07-20 16:00:00,0.067190945
2026-07-20 17:00:00,0.41284472
2026-07-20 18:00:00,0.7294028
